Claim_ID,Food_ID,Receiver_ID,Status,Timestamp
1,164,908,Pending,3/5/2025 5:26
2,353,391,Cancelled,3/11/2025 10:24
3,626,492,Completed,3/21/2025 0:59
4,61,933,Cancelled,3/4/2025 9:08
5,345,229,Pending,3/14/2025 15:17
6,273,607,Cancelled,3/2/2025 2:50
7,735,256,Cancelled,3/7/2025 23:58
8,382,900,Pending,3/5/2025 7:07
9,278,807,Completed,3/18/2025 2:26
10,669,975,Completed,3/6/2025 19:57
11,290,118,Pending,3/4/2025 23:01
12,694,739,Completed,3/1/2025 21:55
13,951,959,Pending,3/8/2025 13:08
14,426,233,Cancelled,3/8/2025 16:08
15,684,97,Completed,3/7/2025 8:00
16,320,836,Cancelled,3/7/2025 6:17
17,465,588,Cancelled,3/15/2025 16:49
18,952,729,Completed,3/9/2025 2:04
19,798,399,Pending,3/16/2025 6:32
20,792,88,Completed,3/7/2025 12:15
21,281,493,Completed,3/4/2025 0:29
22,345,757,Pending,3/9/2025 3:11
23,674,526,Completed,3/6/2025 22:55
24,594,717,Pending,3/15/2025 0:51
25,371,10,Completed,3/10/2025 7:10
26,959,233,Cancelled,3/21/2025 4:34
27,58,487,Completed,3/17/2025 5:07
28,586,189,Pending,3/19/2025 4:15
29,812,769,Pending,3/14/2025 17:09
30,193,228,Pending,3/7/2025 4:05
31,937,546,Completed,3/3/2025 2:06
32,624,371,Cancelled,3/17/2025 12:57
33,905,386,Cancelled,3/16/2025 14:26
34,713,271,Pending,3/18/2025 1:17
35,190,93,Cancelled,3/9/2025 21:40
36,597,562,Pending,3/16/2025 3:41
37,832,920,Cancelled,3/13/2025 3:50
38,757,380,Cancelled,3/18/2025 5:29
39,58,923,Pending,3/12/2025 9:57
40,141,789,Pending,3/10/2025 4:14
41,415,336,Pending,3/18/2025 4:33
42,886,256,Pending,3/7/2025 12:22
43,611,306,Pending,3/16/2025 17:08
44,825,31,Pending,3/9/2025 13:02
45,457,569,Completed,3/13/2025 7:07
46,556,412,Cancelled,3/12/2025 2:30
47,746,48,Pending,3/7/2025 10:45
48,895,373,Pending,3/9/2025 23:13
49,190,678,Pending,3/20/2025 13:44
50,251,804,Pending,3/19/2025 13:18
51,543,255,Pending,3/4/2025 10:59
52,507,517,Cancelled,3/15/2025 14:58
53,37,449,Completed,3/11/2025 9:43
54,534,737,Cancelled,3/6/2025 1:44
55,438,601,Completed,3/9/2025 0:13
56,690,452,Completed,3/17/2025 14:29
57,225,295,Completed,3/11/2025 21:44
58,258,149,Completed,3/13/2025 15:12
59,797,371,Cancelled,3/2/2025 23:28
60,390,391,Pending,3/16/2025 15:03
61,990,550,Cancelled,3/8/2025 21:06
62,258,678,Pending,3/17/2025 14:07
63,119,279,Pending,3/8/2025 21:30
64,771,90,Completed,3/17/2025 13:38
65,424,532,Cancelled,3/15/2025 15:00
66,310,730,Cancelled,3/11/2025 19:22
67,486,817,Completed,3/17/2025 17:22
68,526,321,Pending,3/2/2025 4:49
69,321,45,Completed,3/10/2025 6:15
70,203,479,Completed,3/19/2025 15:41
71,538,897,Cancelled,3/2/2025 15:34
72,851,44,Completed,3/4/2025 10:49
73,708,222,Pending,3/5/2025 23:42
74,487,62,Cancelled,3/2/2025 13:20
75,909,161,Cancelled,3/6/2025 11:44
76,877,185,Completed,3/13/2025 22:38
77,65,324,Completed,3/4/2025 22:57
78,504,151,Completed,3/15/2025 13:41
79,188,795,Cancelled,3/3/2025 1:13
80,153,35,Pending,3/21/2025 1:58
81,964,876,Completed,3/3/2025 9:13
82,641,638,Pending,3/9/2025 13:21
83,805,695,Completed,3/18/2025 19:37
84,925,554,Pending,3/9/2025 2:10
85,197,624,Completed,3/1/2025 9:52
86,790,425,Cancelled,3/2/2025 9:25
87,829,918,Completed,3/13/2025 10:50
88,233,310,Completed,3/3/2025 2:47
89,912,632,Cancelled,3/5/2025 20:34
90,378,27,Completed,3/4/2025 16:53
91,251,373,Completed,3/18/2025 18:10
92,136,65,Pending,3/7/2025 11:12
93,600,129,Pending,3/16/2025 11:30
94,505,523,Cancelled,3/19/2025 5:04
95,673,352,Cancelled,3/11/2025 10:52
96,937,500,Completed,3/17/2025 7:56
97,381,802,Pending,3/2/2025 2:12
98,741,116,Cancelled,3/13/2025 13:30
99,101,995,Completed,3/1/2025 2:21
100,101,892,Pending,3/19/2025 19:11
101,16,654,Cancelled,3/7/2025 2:19
102,110,772,Completed,3/16/2025 6:03
103,463,423,Completed,3/7/2025 12:06
104,882,52,Completed,3/5/2025 0:36
105,89,619,Completed,3/15/2025 23:07
106,674,589,Cancelled,3/6/2025 3:27
107,374,467,Completed,3/21/2025 0:40
108,786,909,Pending,3/8/2025 9:17
109,696,923,Pending,3/15/2025 16:28
110,469,196,Pending,3/1/2025 0:09
111,214,723,Pending,3/14/2025 11:40
112,984,970,Pending,3/4/2025 22:00
113,913,855,Pending,3/1/2025 23:11
114,870,840,Completed,3/6/2025 10:36
115,663,957,Pending,3/5/2025 0:19
116,162,908,Pending,3/16/2025 17:02
117,864,384,Pending,3/10/2025 1:30
118,108,927,Cancelled,3/7/2025 4:56
119,56,75,Cancelled,3/18/2025 15:38
120,233,101,Pending,3/10/2025 23:33
121,460,560,Completed,3/14/2025 11:44
122,160,292,Cancelled,3/15/2025 0:40
123,715,529,Completed,3/20/2025 13:50
124,252,303,Cancelled,3/20/2025 6:55
125,765,329,Pending,3/18/2025 21:40
126,202,499,Completed,3/11/2025 16:19
127,463,865,Completed,3/12/2025 16:00
128,589,100,Cancelled,3/10/2025 19:29
129,318,555,Pending,3/3/2025 15:50
130,660,608,Cancelled,3/13/2025 8:51
131,640,184,Cancelled,3/7/2025 5:12
132,640,835,Cancelled,3/6/2025 2:44
133,109,866,Pending,3/10/2025 13:34
134,650,404,Pending,3/18/2025 0:37
135,256,12,Cancelled,3/6/2025 19:49
136,493,3,Pending,3/16/2025 22:58
137,46,548,Completed,3/6/2025 3:22
138,648,392,Cancelled,3/2/2025 19:39
139,668,831,Completed,3/2/2025 1:08
140,548,168,Completed,3/18/2025 1:19
141,149,985,Pending,3/3/2025 20:25
142,782,128,Cancelled,3/16/2025 10:00
143,9,936,Completed,3/5/2025 11:36
144,457,390,Cancelled,3/12/2025 14:06
145,114,695,Pending,3/13/2025 5:28
146,769,420,Completed,3/8/2025 1:42
147,795,462,Completed,3/2/2025 13:48
148,174,612,Completed,3/10/2025 4:52
149,909,763,Cancelled,3/17/2025 15:13
150,991,107,Cancelled,3/3/2025 13:37
151,359,419,Completed,3/12/2025 5:30
152,797,988,Pending,3/6/2025 3:51
153,582,58,Cancelled,3/7/2025 16:14
154,495,285,Pending,3/20/2025 12:04
155,413,272,Completed,3/17/2025 8:27
156,870,666,Completed,3/16/2025 5:59
157,557,600,Completed,3/16/2025 14:13
158,297,331,Cancelled,3/15/2025 0:35
159,496,420,Completed,3/12/2025 15:27
160,446,566,Completed,3/19/2025 19:48
161,579,901,Pending,3/14/2025 22:58
162,427,337,Completed,3/15/2025 10:31
163,67,302,Cancelled,3/2/2025 9:04
164,918,35,Pending,3/4/2025 3:24
165,616,254,Pending,3/11/2025 4:53
166,19,297,Completed,3/3/2025 23:05
167,873,63,Completed,3/20/2025 1:38
168,609,440,Completed,3/1/2025 16:18
169,188,353,Completed,3/8/2025 0:38
170,157,374,Pending,3/5/2025 19:34
171,290,134,Pending,3/2/2025 17:02
172,226,140,Cancelled,3/21/2025 2:08
173,504,390,Completed,3/18/2025 6:41
174,277,947,Cancelled,3/3/2025 18:22
175,813,745,Pending,3/7/2025 21:27
176,35,276,Cancelled,3/12/2025 1:34
177,425,96,Cancelled,3/4/2025 20:52
178,437,262,Cancelled,3/5/2025 5:55
179,787,339,Completed,3/9/2025 9:23
180,644,983,Pending,3/5/2025 1:27
181,465,996,Pending,3/16/2025 9:20
182,579,342,Pending,3/19/2025 1:41
183,879,382,Cancelled,3/13/2025 12:37
184,80,50,Cancelled,3/2/2025 4:01
185,486,585,Pending,3/21/2025 4:05
186,153,475,Pending,3/11/2025 21:04
187,381,344,Pending,3/3/2025 12:36
188,896,648,Pending,3/11/2025 22:19
189,152,45,Completed,3/13/2025 9:32
190,152,550,Pending,3/20/2025 9:21
191,206,448,Completed,3/10/2025 11:59
192,335,246,Completed,3/2/2025 10:05
193,670,601,Completed,3/3/2025 2:13
194,771,726,Cancelled,3/15/2025 9:44
195,40,294,Completed,3/15/2025 20:49
196,111,416,Completed,3/20/2025 19:37
197,418,324,Cancelled,3/3/2025 21:41
198,985,495,Completed,3/4/2025 1:17
199,913,439,Cancelled,3/9/2025 3:22
200,97,350,Completed,3/8/2025 21:48
201,671,94,Completed,3/17/2025 19:09
202,415,917,Cancelled,3/18/2025 8:50
203,179,949,Completed,3/16/2025 13:08
204,824,571,Pending,3/18/2025 4:10
205,915,531,Cancelled,3/14/2025 3:27
206,94,747,Completed,3/6/2025 16:41
207,937,398,Completed,3/18/2025 16:07
208,166,874,Pending,3/9/2025 7:30
209,893,594,Cancelled,3/12/2025 23:25
210,813,388,Pending,3/11/2025 22:06
211,406,787,Pending,3/2/2025 12:10
212,603,382,Completed,3/8/2025 0:30
213,227,631,Cancelled,3/9/2025 9:19
214,479,893,Pending,3/7/2025 8:09
215,33,762,Cancelled,3/8/2025 11:37
216,794,685,Pending,3/17/2025 23:16
217,998,590,Completed,3/6/2025 8:04
218,523,176,Pending,3/6/2025 20:46
219,488,255,Pending,3/3/2025 8:55
220,374,27,Cancelled,3/2/2025 23:05
221,837,745,Cancelled,3/1/2025 23:38
222,550,747,Pending,3/14/2025 23:06
223,486,407,Cancelled,3/8/2025 19:20
224,924,893,Cancelled,3/1/2025 16:48
225,217,850,Cancelled,3/20/2025 20:00
226,981,221,Completed,3/10/2025 14:59
227,925,480,Completed,3/6/2025 5:40
228,325,607,Pending,3/10/2025 10:07
229,69,407,Completed,3/19/2025 23:40
230,915,686,Pending,3/20/2025 4:11
231,208,281,Pending,3/15/2025 22:39
232,250,856,Cancelled,3/17/2025 4:43
233,922,858,Pending,3/19/2025 18:07
234,312,838,Pending,3/17/2025 6:35
235,135,529,Cancelled,3/10/2025 15:40
236,327,301,Completed,3/13/2025 19:29
237,507,112,Cancelled,3/12/2025 0:27
238,572,728,Cancelled,3/20/2025 15:24
239,589,4,Pending,3/1/2025 21:11
240,183,970,Completed,3/14/2025 12:59
241,558,103,Completed,3/12/2025 2:23
242,380,154,Cancelled,3/6/2025 13:16
243,69,98,Cancelled,3/13/2025 2:42
244,163,250,Cancelled,3/11/2025 2:32
245,725,701,Pending,3/18/2025 16:16
246,615,489,Completed,3/10/2025 5:50
247,861,138,Completed,3/12/2025 7:34
248,458,321,Pending,3/9/2025 3:12
249,810,541,Completed,3/16/2025 9:29
250,475,201,Cancelled,3/19/2025 21:41
251,832,926,Cancelled,3/1/2025 15:16
252,544,242,Completed,3/20/2025 3:22
253,323,863,Cancelled,3/10/2025 10:56
254,940,1,Completed,3/4/2025 3:59
255,256,438,Pending,3/18/2025 17:31
256,822,47,Completed,3/19/2025 8:03
257,191,555,Completed,3/4/2025 2:28
258,520,939,Cancelled,3/3/2025 6:16
259,467,517,Pending,3/7/2025 13:30
260,137,173,Pending,3/5/2025 15:11
261,602,735,Pending,3/13/2025 13:58
262,188,706,Completed,3/16/2025 0:40
263,22,800,Completed,3/16/2025 9:37
264,496,59,Cancelled,3/3/2025 13:21
265,92,103,Cancelled,3/15/2025 7:39
266,367,376,Completed,3/2/2025 7:07
267,518,382,Cancelled,3/11/2025 1:30
268,738,317,Pending,3/16/2025 11:58
269,73,880,Completed,3/13/2025 14:01
270,568,477,Completed,3/17/2025 9:23
271,160,442,Cancelled,3/6/2025 12:00
272,417,906,Cancelled,3/18/2025 4:45
273,870,172,Pending,3/19/2025 0:34
274,304,481,Pending,3/15/2025 22:55
275,906,849,Completed,3/2/2025 11:36
276,786,538,Completed,3/16/2025 11:54
277,766,109,Completed,3/9/2025 12:24
278,258,360,Pending,3/14/2025 3:18
279,531,808,Pending,3/13/2025 17:05
280,150,282,Cancelled,3/1/2025 12:21
281,483,718,Cancelled,3/12/2025 17:17
282,161,298,Cancelled,3/14/2025 7:06
283,97,102,Pending,3/7/2025 8:11
284,554,702,Pending,3/19/2025 8:45
285,387,213,Completed,3/18/2025 14:32
286,335,602,Pending,3/18/2025 20:45
287,952,42,Cancelled,3/18/2025 2:15
288,63,964,Completed,3/19/2025 2:29
289,573,86,Pending,3/17/2025 2:03
290,664,500,Cancelled,3/8/2025 12:13
291,886,375,Completed,3/6/2025 7:49
292,190,413,Completed,3/13/2025 20:27
293,721,837,Completed,3/9/2025 13:31
294,662,118,Pending,3/18/2025 6:45
295,25,493,Pending,3/13/2025 18:39
296,940,158,Cancelled,3/7/2025 18:01
297,494,454,Completed,3/14/2025 17:04
298,96,595,Cancelled,3/19/2025 6:08
299,911,319,Pending,3/1/2025 3:03
300,81,645,Pending,3/14/2025 16:21
301,489,287,Cancelled,3/2/2025 7:53
302,633,774,Pending,3/3/2025 18:50
303,358,66,Cancelled,3/3/2025 12:42
304,763,883,Pending,3/12/2025 0:49
305,464,759,Pending,3/17/2025 18:55
306,651,703,Pending,3/5/2025 0:09
307,610,34,Pending,3/13/2025 21:15
308,227,6,Completed,3/17/2025 18:23
309,6,514,Cancelled,3/14/2025 2:19
310,107,997,Cancelled,3/8/2025 21:25
311,294,187,Cancelled,3/6/2025 21:22
312,904,199,Completed,3/8/2025 12:44
313,143,880,Cancelled,3/6/2025 10:07
314,657,488,Cancelled,3/19/2025 12:18
315,254,854,Completed,3/5/2025 22:09
316,896,417,Completed,3/10/2025 22:44
317,747,660,Pending,3/11/2025 5:40
318,861,735,Completed,3/4/2025 20:11
319,888,345,Pending,3/5/2025 5:34
320,241,815,Completed,3/12/2025 1:29
321,116,267,Completed,3/12/2025 18:14
322,256,824,Cancelled,3/5/2025 5:22
323,670,104,Completed,3/15/2025 13:58
324,777,503,Completed,3/3/2025 22:57
325,49,586,Completed,3/11/2025 14:05
326,690,649,Pending,3/14/2025 14:41
327,853,983,Completed,3/17/2025 16:49
328,577,183,Completed,3/6/2025 15:44
329,419,323,Pending,3/14/2025 3:09
330,275,354,Completed,3/1/2025 6:24
331,585,262,Cancelled,3/18/2025 18:37
332,460,32,Completed,3/3/2025 2:40
333,332,368,Completed,3/13/2025 8:50
334,447,811,Cancelled,3/18/2025 17:27
335,453,643,Cancelled,3/11/2025 19:10
336,164,185,Cancelled,3/17/2025 11:49
337,405,756,Completed,3/3/2025 19:58
338,609,301,Pending,3/21/2025 4:08
339,52,497,Completed,3/6/2025 23:14
340,148,495,Completed,3/10/2025 23:31
341,386,473,Completed,3/10/2025 14:46
342,892,999,Cancelled,3/11/2025 6:57
343,553,62,Pending,3/18/2025 15:08
344,992,160,Cancelled,3/10/2025 21:51
345,223,440,Pending,3/17/2025 12:29
346,548,87,Pending,3/15/2025 6:06
347,564,283,Pending,3/11/2025 20:37
348,291,876,Cancelled,3/7/2025 5:24
349,262,245,Pending,3/5/2025 19:39
350,909,554,Completed,3/19/2025 18:27
351,528,936,Pending,3/2/2025 10:41
352,427,797,Completed,3/19/2025 7:00
353,730,258,Pending,3/7/2025 21:29
354,608,873,Pending,3/9/2025 15:33
355,398,880,Pending,3/8/2025 23:39
356,840,663,Cancelled,3/17/2025 6:07
357,536,704,Cancelled,3/8/2025 2:25
358,562,717,Completed,3/9/2025 12:56
359,107,531,Cancelled,3/14/2025 22:15
360,743,324,Cancelled,3/8/2025 0:38
361,882,809,Pending,3/8/2025 5:54
362,538,9,Cancelled,3/2/2025 9:04
363,687,131,Pending,3/13/2025 19:31
364,822,576,Completed,3/10/2025 21:47
365,207,152,Pending,3/7/2025 3:03
366,695,691,Pending,3/2/2025 18:29
367,262,688,Completed,3/7/2025 19:46
368,788,682,Pending,3/16/2025 11:59
369,84,105,Completed,3/10/2025 2:34
370,330,38,Cancelled,3/14/2025 17:07
371,677,658,Pending,3/20/2025 3:44
372,804,2,Cancelled,3/3/2025 9:19
373,866,420,Pending,3/19/2025 10:49
374,72,696,Pending,3/10/2025 14:14
375,342,908,Completed,3/14/2025 2:51
376,981,990,Pending,3/15/2025 21:23
377,901,190,Pending,3/8/2025 5:43
378,765,904,Completed,3/8/2025 13:50
379,271,249,Cancelled,3/14/2025 23:15
380,217,855,Pending,3/11/2025 18:33
381,926,96,Cancelled,3/9/2025 9:09
382,782,804,Cancelled,3/20/2025 5:46
383,920,673,Completed,3/9/2025 10:55
384,389,843,Completed,3/5/2025 23:56
385,594,494,Pending,3/3/2025 21:27
386,979,553,Cancelled,3/4/2025 9:36
387,94,547,Cancelled,3/19/2025 21:23
388,16,418,Completed,3/5/2025 1:43
389,151,965,Cancelled,3/4/2025 19:08
390,398,414,Completed,3/10/2025 18:36
391,807,950,Completed,3/4/2025 20:52
392,116,600,Completed,3/8/2025 21:48
393,390,684,Pending,3/21/2025 0:15
394,211,697,Pending,3/5/2025 16:12
395,681,785,Cancelled,3/16/2025 12:18
396,50,436,Completed,3/16/2025 23:56
397,45,435,Pending,3/4/2025 14:58
398,548,459,Pending,3/6/2025 17:22
399,947,241,Pending,3/6/2025 19:27
400,373,613,Completed,3/15/2025 12:26
401,174,595,Pending,3/11/2025 0:28
402,379,872,Pending,3/8/2025 0:59
403,141,693,Pending,3/2/2025 8:42
404,475,63,Cancelled,3/12/2025 23:03
405,548,858,Completed,3/18/2025 2:49
406,606,833,Pending,3/5/2025 8:16
407,722,935,Pending,3/12/2025 18:28
408,730,390,Pending,3/8/2025 8:56
409,995,159,Cancelled,3/8/2025 21:36
410,114,974,Cancelled,3/1/2025 15:29
411,525,406,Pending,3/18/2025 16:53
412,981,220,Cancelled,3/3/2025 11:44
413,88,791,Completed,3/10/2025 20:51
414,826,544,Cancelled,3/8/2025 19:31
415,485,144,Pending,3/11/2025 13:35
416,900,357,Cancelled,3/12/2025 7:04
417,716,972,Pending,3/14/2025 7:18
418,632,500,Cancelled,3/1/2025 16:52
419,221,869,Pending,3/11/2025 9:41
420,257,977,Cancelled,3/11/2025 4:00
421,572,173,Pending,3/8/2025 14:48
422,534,849,Completed,3/12/2025 10:29
423,915,344,Pending,3/21/2025 5:41
424,755,537,Cancelled,3/2/2025 13:00
425,797,237,Pending,3/1/2025 15:13
426,101,538,Completed,3/18/2025 7:28
427,412,811,Cancelled,3/17/2025 0:53
428,225,613,Completed,3/7/2025 15:13
429,528,299,Pending,3/14/2025 18:15
430,861,972,Pending,3/3/2025 1:58
431,115,679,Completed,3/20/2025 11:53
432,427,507,Pending,3/15/2025 13:30
433,245,6,Completed,3/14/2025 12:40
434,356,596,Completed,3/15/2025 21:14
435,129,531,Pending,3/14/2025 10:48
436,952,962,Completed,3/13/2025 3:13
437,230,628,Cancelled,3/15/2025 2:41
438,612,770,Pending,3/18/2025 13:00
439,480,432,Cancelled,3/4/2025 3:32
440,265,460,Cancelled,3/14/2025 21:06
441,968,483,Cancelled,3/8/2025 11:28
442,499,446,Cancelled,3/19/2025 16:01
443,879,124,Completed,3/5/2025 12:55
444,128,660,Cancelled,3/11/2025 3:57
445,602,485,Cancelled,3/19/2025 8:55
446,524,874,Cancelled,3/10/2025 21:31
447,801,616,Cancelled,3/13/2025 2:49
448,902,770,Cancelled,3/17/2025 11:37
449,865,493,Pending,3/17/2025 6:16
450,29,554,Cancelled,3/20/2025 20:03
451,683,216,Completed,3/13/2025 8:06
452,365,782,Cancelled,3/18/2025 16:04
453,531,468,Cancelled,3/12/2025 22:16
454,828,929,Completed,3/20/2025 5:18
455,984,665,Pending,3/6/2025 22:55
456,820,858,Pending,3/2/2025 16:44
457,79,508,Pending,3/5/2025 4:11
458,178,385,Completed,3/10/2025 3:13
459,329,74,Cancelled,3/13/2025 7:50
460,214,879,Completed,3/5/2025 20:10
461,492,322,Pending,3/4/2025 16:22
462,517,921,Completed,3/5/2025 21:04
463,615,269,Completed,3/18/2025 11:00
464,611,306,Completed,3/1/2025 3:32
465,632,266,Pending,3/19/2025 21:43
466,699,285,Pending,3/21/2025 4:34
467,216,353,Completed,3/13/2025 16:21
468,371,912,Completed,3/17/2025 17:09
469,404,565,Completed,3/15/2025 7:13
470,215,195,Cancelled,3/20/2025 13:44
471,11,337,Cancelled,3/21/2025 4:51
472,958,888,Pending,3/4/2025 21:52
473,593,258,Pending,3/14/2025 11:39
474,345,97,Cancelled,3/2/2025 6:57
475,260,901,Cancelled,3/18/2025 10:26
476,166,536,Pending,3/3/2025 13:34
477,65,301,Cancelled,3/11/2025 13:18
478,844,156,Cancelled,3/2/2025 20:18
479,216,923,Pending,3/21/2025 5:08
480,548,670,Pending,3/17/2025 23:08
481,144,423,Completed,3/10/2025 4:38
482,446,883,Completed,3/10/2025 17:30
483,674,223,Completed,3/13/2025 15:25
484,565,833,Cancelled,3/14/2025 13:15
485,321,505,Cancelled,3/6/2025 17:49
486,106,645,Cancelled,3/4/2025 11:54
487,654,968,Completed,3/10/2025 19:51
488,194,125,Pending,3/18/2025 6:30
489,969,99,Completed,3/10/2025 6:44
490,891,511,Pending,3/9/2025 11:20
491,1,574,Completed,3/8/2025 7:16
492,672,214,Pending,3/10/2025 9:41
493,74,294,Cancelled,3/18/2025 5:15
494,675,651,Cancelled,3/18/2025 7:39
495,665,878,Completed,3/17/2025 4:48
496,599,404,Pending,3/20/2025 15:31
497,606,269,Completed,3/6/2025 3:51
498,946,386,Pending,3/16/2025 15:13
499,921,77,Cancelled,3/4/2025 2:43
500,532,102,Completed,3/17/2025 5:29
501,202,671,Completed,3/12/2025 12:22
502,84,168,Completed,3/5/2025 1:43
503,717,917,Cancelled,3/13/2025 21:31
504,947,320,Completed,3/7/2025 3:28
505,919,762,Cancelled,3/10/2025 18:56
506,892,306,Completed,3/10/2025 5:39
507,217,370,Pending,3/20/2025 12:41
508,152,347,Pending,3/1/2025 4:09
509,134,600,Cancelled,3/17/2025 15:43
510,90,419,Pending,3/12/2025 9:35
511,199,446,Cancelled,3/1/2025 18:00
512,798,821,Cancelled,3/15/2025 19:57
513,73,283,Cancelled,3/5/2025 20:17
514,521,274,Cancelled,3/21/2025 0:05
515,930,45,Completed,3/19/2025 2:18
516,302,806,Completed,3/8/2025 9:58
517,806,872,Completed,3/19/2025 13:38
518,282,127,Pending,3/7/2025 20:37
519,406,960,Pending,3/6/2025 21:16
520,624,396,Completed,3/3/2025 9:53
521,295,327,Cancelled,3/16/2025 6:19
522,271,372,Pending,3/17/2025 21:36
523,744,676,Completed,3/13/2025 11:09
524,448,180,Completed,3/15/2025 4:57
525,22,438,Completed,3/15/2025 4:20
526,697,401,Pending,3/17/2025 18:51
527,340,572,Pending,3/19/2025 19:35
528,819,1,Completed,3/20/2025 13:45
529,515,399,Completed,3/7/2025 10:51
530,59,543,Completed,3/7/2025 3:12
531,592,894,Pending,3/10/2025 15:27
532,486,14,Cancelled,3/8/2025 2:33
533,275,410,Pending,3/13/2025 5:38
534,50,287,Cancelled,3/10/2025 15:47
535,663,329,Completed,3/21/2025 5:22
536,115,162,Cancelled,3/12/2025 14:24
537,39,259,Cancelled,3/20/2025 8:41
538,220,225,Cancelled,3/5/2025 4:18
539,64,119,Cancelled,3/8/2025 9:41
540,444,608,Cancelled,3/10/2025 4:11
541,261,705,Completed,3/11/2025 12:29
542,560,442,Completed,3/13/2025 22:53
543,657,748,Completed,3/12/2025 16:38
544,187,568,Cancelled,3/18/2025 2:56
545,463,292,Completed,3/9/2025 6:07
546,962,571,Completed,3/7/2025 17:55
547,509,886,Cancelled,3/6/2025 13:30
548,520,821,Completed,3/14/2025 21:01
549,954,703,Cancelled,3/10/2025 20:52
550,115,882,Pending,3/15/2025 2:55
551,837,742,Cancelled,3/13/2025 8:32
552,463,949,Pending,3/3/2025 8:58
553,215,503,Pending,3/4/2025 15:39
554,52,126,Completed,3/4/2025 7:19
555,253,946,Pending,3/1/2025 7:51
556,479,460,Completed,3/7/2025 18:19
557,324,31,Cancelled,3/6/2025 7:22
558,435,33,Completed,3/7/2025 7:04
559,714,935,Cancelled,3/9/2025 1:55
560,731,215,Cancelled,3/11/2025 6:42
561,269,859,Completed,3/7/2025 17:52
562,326,629,Pending,3/1/2025 9:12
563,622,371,Cancelled,3/2/2025 21:06
564,947,203,Cancelled,3/6/2025 13:30
565,801,473,Completed,3/12/2025 4:40
566,320,68,Cancelled,3/13/2025 1:43
567,924,974,Cancelled,3/10/2025 23:22
568,852,400,Completed,3/4/2025 2:45
569,59,401,Pending,3/2/2025 15:48
570,849,835,Completed,3/9/2025 3:28
571,408,789,Completed,3/3/2025 6:09
572,622,542,Completed,3/17/2025 23:13
573,229,505,Completed,3/12/2025 15:46
574,438,342,Completed,3/4/2025 2:02
575,636,413,Cancelled,3/1/2025 23:06
576,58,341,Completed,3/17/2025 2:11
577,486,412,Cancelled,3/16/2025 21:29
578,674,368,Pending,3/17/2025 6:50
579,559,342,Completed,3/19/2025 11:30
580,508,704,Pending,3/1/2025 4:45
581,734,706,Cancelled,3/9/2025 10:35
582,284,990,Completed,3/3/2025 6:53
583,925,144,Pending,3/3/2025 1:06
584,705,968,Cancelled,3/1/2025 12:04
585,373,926,Completed,3/19/2025 13:20
586,970,281,Completed,3/20/2025 6:59
587,560,637,Pending,3/10/2025 1:27
588,92,640,Cancelled,3/12/2025 5:36
589,619,90,Cancelled,3/13/2025 23:44
590,505,4,Cancelled,3/17/2025 8:39
591,723,782,Completed,3/20/2025 6:00
592,319,832,Completed,3/3/2025 23:50
593,882,743,Cancelled,3/5/2025 23:53
594,555,14,Pending,3/16/2025 20:01
595,172,861,Cancelled,3/7/2025 15:18
596,844,949,Cancelled,3/13/2025 4:06
597,599,183,Pending,3/13/2025 5:49
598,403,905,Completed,3/4/2025 4:55
599,307,86,Pending,3/19/2025 18:33
600,910,492,Cancelled,3/17/2025 17:33
601,964,458,Completed,3/21/2025 3:54
602,165,997,Cancelled,3/19/2025 7:08
603,920,766,Pending,3/11/2025 7:49
604,522,737,Completed,3/11/2025 21:27
605,727,786,Completed,3/7/2025 16:35
606,912,192,Cancelled,3/15/2025 1:34
607,72,397,Cancelled,3/12/2025 0:38
608,570,484,Cancelled,3/8/2025 5:26
609,200,227,Completed,3/10/2025 3:34
610,151,619,Cancelled,3/14/2025 15:18
611,433,567,Pending,3/8/2025 5:41
612,92,192,Completed,3/13/2025 21:16
613,764,482,Completed,3/1/2025 6:01
614,707,90,Pending,3/14/2025 13:47
615,821,367,Completed,3/5/2025 20:37
616,967,162,Pending,3/12/2025 16:05
617,933,68,Cancelled,3/5/2025 14:23
618,395,134,Pending,3/2/2025 3:19
619,743,725,Cancelled,3/20/2025 7:40
620,207,618,Cancelled,3/17/2025 11:24
621,175,742,Pending,3/19/2025 10:26
622,949,963,Cancelled,3/12/2025 19:13
623,400,737,Cancelled,3/14/2025 10:01
624,502,524,Cancelled,3/5/2025 16:11
625,416,69,Cancelled,3/16/2025 2:15
626,823,576,Pending,3/21/2025 2:42
627,686,814,Cancelled,3/15/2025 1:36
628,906,354,Pending,3/17/2025 9:31
629,326,437,Pending,3/16/2025 0:43
630,606,905,Completed,3/2/2025 15:26
631,862,28,Pending,3/19/2025 0:37
632,393,9,Completed,3/20/2025 13:40
633,385,440,Completed,3/12/2025 13:15
634,435,767,Pending,3/8/2025 17:54
635,748,113,Pending,3/7/2025 1:36
636,554,144,Cancelled,3/18/2025 17:20
637,476,216,Pending,3/20/2025 13:06
638,949,687,Completed,3/16/2025 5:38
639,233,832,Cancelled,3/6/2025 13:32
640,239,944,Cancelled,3/19/2025 1:17
641,251,410,Cancelled,3/2/2025 0:21
642,113,255,Pending,3/20/2025 19:57
643,806,993,Pending,3/10/2025 18:38
644,837,800,Cancelled,3/11/2025 4:33
645,739,220,Pending,3/20/2025 3:23
646,120,713,Cancelled,3/13/2025 13:29
647,35,654,Pending,3/18/2025 17:53
648,55,1000,Completed,3/8/2025 11:56
649,210,43,Completed,3/7/2025 17:26
650,421,505,Completed,3/12/2025 14:21
651,156,113,Cancelled,3/14/2025 22:38
652,932,223,Pending,3/5/2025 12:54
653,78,765,Pending,3/2/2025 10:50
654,291,158,Pending,3/21/2025 0:56
655,215,28,Completed,3/11/2025 12:30
656,875,799,Pending,3/13/2025 16:14
657,945,220,Completed,3/8/2025 12:26
658,232,10,Pending,3/1/2025 21:49
659,98,864,Cancelled,3/17/2025 2:31
660,912,204,Cancelled,3/8/2025 10:54
661,520,560,Pending,3/9/2025 2:37
662,600,902,Completed,3/18/2025 0:04
663,180,884,Cancelled,3/14/2025 11:47
664,866,410,Cancelled,3/19/2025 6:20
665,49,314,Pending,3/8/2025 19:49
666,749,130,Pending,3/15/2025 9:02
667,165,681,Cancelled,3/2/2025 23:27
668,86,205,Cancelled,3/10/2025 9:10
669,224,570,Pending,3/6/2025 3:52
670,349,118,Cancelled,3/10/2025 18:32
671,297,610,Completed,3/1/2025 1:43
672,903,508,Completed,3/19/2025 9:42
673,474,545,Cancelled,3/10/2025 4:05
674,861,276,Cancelled,3/10/2025 0:14
675,897,53,Cancelled,3/19/2025 6:58
676,625,589,Pending,3/15/2025 9:58
677,287,663,Pending,3/18/2025 11:41
678,56,139,Pending,3/10/2025 0:33
679,302,305,Pending,3/16/2025 1:38
680,154,785,Completed,3/17/2025 14:55
681,334,213,Cancelled,3/11/2025 9:29
682,629,937,Pending,3/19/2025 6:45
683,195,805,Pending,3/13/2025 15:36
684,299,550,Pending,3/14/2025 8:30
685,622,235,Cancelled,3/1/2025 8:58
686,540,900,Pending,3/7/2025 9:12
687,921,536,Completed,3/7/2025 20:46
688,854,525,Completed,3/18/2025 1:18
689,246,131,Cancelled,3/13/2025 3:31
690,85,781,Completed,3/9/2025 18:58
691,498,442,Cancelled,3/2/2025 2:18
692,500,717,Pending,3/14/2025 2:15
693,479,647,Cancelled,3/15/2025 3:55
694,529,454,Completed,3/1/2025 6:03
695,462,415,Cancelled,3/10/2025 21:12
696,634,561,Cancelled,3/12/2025 17:08
697,30,132,Completed,3/4/2025 17:46
698,633,185,Cancelled,3/3/2025 0:51
699,138,233,Cancelled,3/4/2025 15:15
700,110,901,Completed,3/8/2025 19:12
701,833,15,Completed,3/14/2025 16:16
702,83,150,Cancelled,3/11/2025 23:02
703,836,742,Cancelled,3/14/2025 10:57
704,271,394,Pending,3/8/2025 1:33
705,298,174,Cancelled,3/9/2025 7:36
706,636,800,Pending,3/9/2025 23:19
707,791,877,Pending,3/7/2025 10:15
708,999,293,Pending,3/18/2025 18:55
709,673,754,Cancelled,3/20/2025 9:11
710,599,27,Pending,3/16/2025 9:32
711,703,674,Completed,3/15/2025 7:35
712,179,505,Completed,3/1/2025 1:24
713,973,494,Completed,3/7/2025 6:15
714,951,423,Pending,3/21/2025 1:57
715,36,668,Pending,3/17/2025 14:14
716,696,68,Cancelled,3/3/2025 2:38
717,991,149,Pending,3/12/2025 17:53
718,626,650,Completed,3/14/2025 23:56
719,695,192,Cancelled,3/12/2025 0:06
720,502,348,Cancelled,3/15/2025 6:28
721,217,844,Completed,3/13/2025 15:46
722,898,888,Completed,3/15/2025 8:59
723,228,59,Pending,3/12/2025 4:00
724,396,747,Completed,3/12/2025 2:12
725,784,218,Pending,3/20/2025 12:45
726,23,446,Cancelled,3/6/2025 0:25
727,47,548,Cancelled,3/17/2025 4:10
728,882,810,Completed,3/15/2025 11:35
729,308,239,Pending,3/16/2025 12:55
730,715,48,Cancelled,3/3/2025 13:52
731,403,218,Completed,3/17/2025 22:44
732,935,126,Pending,3/7/2025 9:52
733,932,843,Completed,3/14/2025 21:55
734,224,172,Cancelled,3/18/2025 16:07
735,720,608,Completed,3/20/2025 6:52
736,84,544,Completed,3/14/2025 23:52
737,636,794,Pending,3/14/2025 18:09
738,819,482,Completed,3/12/2025 23:39
739,230,171,Completed,3/2/2025 17:31
740,199,50,Completed,3/20/2025 6:16
741,886,842,Cancelled,3/19/2025 9:05
742,132,358,Pending,3/15/2025 15:01
743,574,996,Cancelled,3/8/2025 15:17
744,379,26,Pending,3/14/2025 7:15
745,807,317,Pending,3/19/2025 19:02
746,385,587,Pending,3/19/2025 13:13
747,234,437,Pending,3/3/2025 21:37
748,494,395,Cancelled,3/2/2025 21:16
749,689,300,Cancelled,3/13/2025 19:23
750,931,742,Completed,3/19/2025 4:32
751,398,710,Pending,3/16/2025 4:56
752,463,777,Cancelled,3/13/2025 23:12
753,958,455,Cancelled,3/7/2025 15:56
754,997,571,Completed,3/20/2025 8:59
755,34,709,Completed,3/15/2025 3:13
756,696,418,Completed,3/16/2025 9:29
757,352,7,Completed,3/13/2025 19:20
758,877,472,Cancelled,3/20/2025 2:09
759,174,219,Cancelled,3/18/2025 11:19
760,828,212,Completed,3/13/2025 16:00
761,205,351,Completed,3/12/2025 20:51
762,505,275,Cancelled,3/16/2025 0:02
763,331,52,Cancelled,3/13/2025 7:51
764,28,788,Completed,3/16/2025 4:52
765,168,695,Pending,3/17/2025 9:49
766,945,781,Completed,3/10/2025 9:20
767,798,355,Completed,3/9/2025 18:34
768,939,213,Pending,3/18/2025 16:20
769,971,107,Cancelled,3/4/2025 1:25
770,917,328,Completed,3/11/2025 8:12
771,297,181,Cancelled,3/13/2025 1:15
772,926,112,Completed,3/4/2025 15:24
773,35,205,Pending,3/12/2025 10:01
774,35,479,Cancelled,3/20/2025 12:11
775,961,806,Completed,3/5/2025 23:56
776,23,559,Cancelled,3/2/2025 0:29
777,886,297,Cancelled,3/14/2025 9:47
778,241,715,Pending,3/11/2025 0:31
779,508,56,Cancelled,3/13/2025 18:28
780,16,194,Pending,3/8/2025 13:58
781,676,701,Pending,3/4/2025 14:26
782,476,181,Completed,3/4/2025 19:49
783,485,429,Cancelled,3/15/2025 18:58
784,655,381,Pending,3/19/2025 22:41
785,981,887,Pending,3/15/2025 14:23
786,104,977,Pending,3/9/2025 13:13
787,988,590,Completed,3/15/2025 4:12
788,253,379,Completed,3/19/2025 17:32
789,684,202,Cancelled,3/1/2025 21:34
790,30,680,Completed,3/5/2025 13:01
791,240,144,Cancelled,3/10/2025 3:33
792,775,259,Completed,3/12/2025 17:39
793,444,783,Completed,3/2/2025 21:12
794,928,318,Cancelled,3/13/2025 16:04
795,902,293,Completed,3/5/2025 21:45
796,685,410,Cancelled,3/13/2025 0:39
797,950,275,Pending,3/12/2025 22:59
798,609,735,Pending,3/9/2025 10:08
799,487,786,Completed,3/6/2025 19:57
800,224,227,Cancelled,3/11/2025 23:55
801,131,72,Completed,3/4/2025 15:42
802,100,729,Completed,3/17/2025 9:35
803,701,240,Pending,3/9/2025 14:33
804,614,655,Cancelled,3/21/2025 6:12
805,181,348,Cancelled,3/13/2025 11:08
806,529,650,Pending,3/2/2025 7:54
807,767,742,Completed,3/8/2025 17:05
808,243,528,Pending,3/1/2025 20:29
809,929,603,Pending,3/10/2025 3:05
810,528,281,Cancelled,3/15/2025 6:11
811,399,57,Cancelled,3/10/2025 6:39
812,820,473,Pending,3/7/2025 0:40
813,934,982,Completed,3/2/2025 22:20
814,95,438,Completed,3/15/2025 18:11
815,243,795,Completed,3/18/2025 8:50
816,627,899,Pending,3/7/2025 18:11
817,969,800,Pending,3/3/2025 16:20
818,797,570,Completed,3/10/2025 20:54
819,18,617,Pending,3/6/2025 1:36
820,943,869,Completed,3/7/2025 18:34
821,590,300,Cancelled,3/11/2025 3:27
822,126,122,Pending,3/4/2025 6:00
823,96,800,Cancelled,3/7/2025 21:50
824,151,508,Cancelled,3/15/2025 5:45
825,31,590,Pending,3/12/2025 7:28
826,762,965,Cancelled,3/9/2025 9:16
827,964,59,Cancelled,3/19/2025 13:26
828,598,723,Pending,3/4/2025 4:15
829,443,891,Pending,3/14/2025 21:42
830,353,706,Cancelled,3/16/2025 12:31
831,401,389,Completed,3/9/2025 11:43
832,133,128,Completed,3/20/2025 8:29
833,214,673,Cancelled,3/11/2025 15:57
834,335,439,Pending,3/9/2025 0:14
835,203,533,Pending,3/7/2025 5:03
836,733,532,Pending,3/18/2025 0:13
837,25,228,Cancelled,3/12/2025 14:13
838,728,870,Completed,3/11/2025 3:05
839,945,72,Cancelled,3/20/2025 8:13
840,811,245,Pending,3/17/2025 11:00
841,682,195,Completed,3/3/2025 0:22
842,812,341,Cancelled,3/14/2025 22:59
843,512,102,Cancelled,3/10/2025 1:37
844,778,362,Cancelled,3/16/2025 5:59
845,70,42,Pending,3/9/2025 11:24
846,125,549,Cancelled,3/18/2025 13:25
847,682,778,Cancelled,3/7/2025 7:36
848,374,419,Pending,3/18/2025 18:19
849,647,468,Pending,3/14/2025 5:17
850,652,381,Pending,3/7/2025 15:57
851,71,164,Completed,3/8/2025 16:08
852,66,700,Cancelled,3/18/2025 10:02
853,299,378,Pending,3/18/2025 9:13
854,173,647,Completed,3/8/2025 15:30
855,410,595,Cancelled,3/1/2025 22:24
856,294,838,Completed,3/18/2025 13:19
857,418,771,Completed,3/12/2025 22:10
858,465,145,Completed,3/5/2025 7:07
859,3,887,Cancelled,3/13/2025 6:36
860,9,345,Cancelled,3/5/2025 9:20
861,510,377,Cancelled,3/13/2025 6:11
862,839,361,Cancelled,3/19/2025 4:49
863,30,16,Pending,3/9/2025 22:36
864,962,622,Cancelled,3/9/2025 0:55
865,163,694,Pending,3/7/2025 15:49
866,461,615,Completed,3/1/2025 2:31
867,692,794,Completed,3/10/2025 7:01
868,460,361,Pending,3/9/2025 2:48
869,935,348,Cancelled,3/11/2025 23:05
870,972,228,Completed,3/17/2025 18:54
871,786,620,Cancelled,3/8/2025 17:20
872,832,302,Completed,3/15/2025 15:47
873,558,173,Pending,3/17/2025 5:22
874,822,226,Pending,3/10/2025 5:50
875,338,848,Completed,3/16/2025 13:38
876,696,994,Cancelled,3/10/2025 14:13
877,707,637,Completed,3/3/2025 23:14
878,544,889,Cancelled,3/14/2025 5:12
879,7,825,Pending,3/1/2025 1:49
880,751,811,Cancelled,3/10/2025 20:50
881,17,647,Pending,3/12/2025 19:27
882,565,850,Completed,3/12/2025 20:44
883,167,266,Pending,3/11/2025 12:45
884,364,493,Cancelled,3/14/2025 15:24
885,515,400,Pending,3/16/2025 23:58
886,756,973,Cancelled,3/7/2025 2:15
887,743,507,Pending,3/15/2025 2:19
888,916,738,Completed,3/5/2025 1:28
889,632,917,Cancelled,3/8/2025 22:20
890,128,276,Cancelled,3/13/2025 8:03
891,973,510,Cancelled,3/17/2025 5:08
892,456,933,Pending,3/4/2025 14:51
893,180,276,Completed,3/20/2025 12:02
894,730,903,Cancelled,3/2/2025 11:28
895,977,425,Pending,3/12/2025 3:28
896,315,768,Completed,3/15/2025 6:17
897,929,730,Completed,3/13/2025 19:48
898,851,572,Completed,3/14/2025 7:54
899,13,28,Pending,3/16/2025 6:18
900,545,532,Completed,3/3/2025 21:06
901,474,195,Pending,3/12/2025 9:04
902,210,852,Completed,3/2/2025 17:35
903,413,426,Cancelled,3/18/2025 22:32
904,168,561,Completed,3/8/2025 21:53
905,380,361,Pending,3/5/2025 13:31
906,938,916,Pending,3/15/2025 10:50
907,800,934,Completed,3/4/2025 3:13
908,762,558,Completed,3/5/2025 13:06
909,893,299,Completed,3/20/2025 23:39
910,410,424,Completed,3/5/2025 14:21
911,355,128,Pending,3/8/2025 8:57
912,683,189,Completed,3/20/2025 15:37
913,705,957,Pending,3/15/2025 22:21
914,950,239,Completed,3/18/2025 13:03
915,441,65,Pending,3/1/2025 17:46
916,571,472,Pending,3/13/2025 3:13
917,109,935,Completed,3/3/2025 10:41
918,92,42,Completed,3/11/2025 9:59
919,623,841,Cancelled,3/11/2025 18:11
920,279,323,Cancelled,3/20/2025 16:37
921,826,507,Completed,3/5/2025 1:43
922,206,768,Pending,3/20/2025 0:57
923,293,276,Cancelled,3/2/2025 22:49
924,580,154,Pending,3/13/2025 16:32
925,237,985,Pending,3/8/2025 5:15
926,43,72,Cancelled,3/6/2025 12:37
927,317,407,Completed,3/15/2025 13:34
928,41,945,Pending,3/20/2025 0:15
929,778,938,Pending,3/3/2025 0:57
930,407,371,Pending,3/3/2025 10:47
931,616,637,Completed,3/4/2025 1:42
932,419,354,Completed,3/12/2025 16:39
933,574,301,Cancelled,3/2/2025 6:24
934,639,555,Cancelled,3/8/2025 17:07
935,520,788,Cancelled,3/17/2025 7:27
936,96,170,Cancelled,3/8/2025 1:17
937,744,799,Cancelled,3/2/2025 10:22
938,977,897,Cancelled,3/11/2025 7:58
939,37,512,Pending,3/8/2025 15:55
940,911,959,Completed,3/5/2025 23:59
941,223,318,Cancelled,3/4/2025 18:16
942,189,850,Completed,3/1/2025 15:26
943,89,934,Pending,3/2/2025 0:43
944,680,817,Pending,3/8/2025 0:52
945,989,901,Cancelled,3/16/2025 22:54
946,839,324,Cancelled,3/20/2025 13:56
947,304,840,Cancelled,3/3/2025 20:13
948,156,482,Completed,3/14/2025 11:23
949,241,240,Completed,3/3/2025 8:53
950,481,298,Pending,3/1/2025 3:50
951,236,585,Completed,3/18/2025 1:05
952,459,183,Completed,3/18/2025 7:49
953,744,686,Cancelled,3/5/2025 20:10
954,732,267,Cancelled,3/10/2025 10:04
955,492,414,Completed,3/14/2025 23:17
956,904,745,Completed,3/13/2025 8:36
957,230,625,Completed,3/16/2025 20:45
958,601,96,Cancelled,3/12/2025 16:11
959,384,31,Pending,3/14/2025 12:40
960,292,830,Completed,3/15/2025 9:00
961,955,181,Completed,3/16/2025 5:05
962,391,308,Completed,3/9/2025 0:59
963,397,93,Cancelled,3/7/2025 6:39
964,563,451,Pending,3/17/2025 10:43
965,285,377,Pending,3/4/2025 1:35
966,558,509,Cancelled,3/13/2025 23:25
967,890,168,Pending,3/12/2025 16:42
968,637,37,Cancelled,3/19/2025 0:50
969,836,408,Cancelled,3/16/2025 2:39
970,997,497,Cancelled,3/5/2025 2:55
971,596,330,Completed,3/10/2025 12:51
972,623,87,Pending,3/6/2025 4:36
973,284,559,Pending,3/8/2025 20:43
974,643,371,Cancelled,3/3/2025 19:08
975,226,132,Cancelled,3/1/2025 5:18
976,551,409,Completed,3/7/2025 12:50
977,853,193,Pending,3/5/2025 20:11
978,818,799,Cancelled,3/11/2025 6:11
979,855,553,Completed,3/7/2025 8:39
980,925,652,Pending,3/18/2025 11:35
981,615,839,Cancelled,3/10/2025 15:58
982,670,871,Cancelled,3/19/2025 2:27
983,300,755,Pending,3/18/2025 19:10
984,1,368,Completed,3/19/2025 6:19
985,380,113,Completed,3/17/2025 22:32
986,915,875,Completed,3/5/2025 13:19
987,579,769,Cancelled,3/4/2025 13:27
988,272,191,Pending,3/4/2025 7:18
989,799,272,Pending,3/8/2025 13:03
990,791,943,Cancelled,3/19/2025 15:41
991,175,984,Pending,3/20/2025 3:50
992,251,394,Completed,3/17/2025 10:54
993,635,341,Cancelled,3/19/2025 12:40
994,107,93,Cancelled,3/3/2025 22:13
995,190,105,Completed,3/10/2025 0:46
996,855,211,Completed,3/13/2025 19:40
997,980,746,Cancelled,3/17/2025 22:04
998,832,967,Cancelled,3/13/2025 18:00
999,917,90,Completed,3/1/2025 15:31
1000,596,950,Cancelled,3/13/2025 12:51
